{
  "id": "2239010",
  "name": "query",
  "font_family": "iconfont",
  "css_prefix_text": "icon-",
  "description": "",
  "glyphs": [
    {
      "icon_id": "2380692",
      "name": "主页",
      "font_class": "zhuye",
      "unicode": "e627",
      "unicode_decimal": 58919
    },
    {
      "icon_id": "2675007",
      "name": "我的",
      "font_class": "wode",
      "unicode": "e62f",
      "unicode_decimal": 58927
    },
    {
      "icon_id": "6275362",
      "name": "添加",
      "font_class": "icon-test",
      "unicode": "e61e",
      "unicode_decimal": 58910
    },
    {
      "icon_id": "8186025",
      "name": "筛选-下箭头",
      "font_class": "shaixuan-xiajiantou",
      "unicode": "e6bb",
      "unicode_decimal": 59067
    }
  ]
}
